Fiber volume fraction,Matrix volume fraction,Matrix Young's modulus,Matrix poisson ratio,Modulus ratio,Fiber Young's modulus,Fiber poisson ratio,Fiber shape,ROM modulus,Longitudinal Young's modulus
0.05,0.95,5.35,0.354,43.36448598,232,0.279,1,16.6825,15.5294
0.1,0.9,5.35,0.354,43.36448598,232,0.279,1,28.015,25.7793
0.15,0.85,5.35,0.354,43.36448598,232,0.279,1,39.3475,39.2924
0.2,0.8,5.35,0.354,43.36448598,232,0.279,1,50.68,50.539
0.25,0.75,5.35,0.354,43.36448598,232,0.279,1,62.0125,61.9783
0.3,0.7,5.35,0.354,43.36448598,232,0.279,1,73.345,73.1801
0.35,0.65,5.35,0.354,43.36448598,232,0.279,1,84.6775,84.7188
0.4,0.6,5.35,0.354,43.36448598,232,0.279,1,96.01,96.0889
0.45,0.55,5.35,0.354,43.36448598,232,0.279,1,107.3425,107.4543
0.5,0.5,5.35,0.354,43.36448598,232,0.279,1,118.675,118.7007
0.55,0.45,5.35,0.354,43.36448598,232,0.279,1,130.0075,130.1151
0.6,0.4,5.35,0.354,43.36448598,232,0.279,1,141.34,141.1986
0.65,0.35,5.35,0.354,43.36448598,232,0.279,1,152.6725,152.7554
0.7,0.3,5.35,0.354,43.36448598,232,0.279,1,164.005,163.1284
0.05,0.95,5.35,0.354,43.36448598,232,0.279,2,16.6825,16.6541
0.1,0.9,5.35,0.354,43.36448598,232,0.279,2,28.015,28.0444
0.15,0.85,5.35,0.354,43.36448598,232,0.279,2,39.3475,39.3193
0.2,0.8,5.35,0.354,43.36448598,232,0.279,2,50.68,50.8476
0.25,0.75,5.35,0.354,43.36448598,232,0.279,2,62.0125,61.9765
0.3,0.7,5.35,0.354,43.36448598,232,0.279,2,73.345,73.275
0.35,0.65,5.35,0.354,43.36448598,232,0.279,2,84.6775,84.6593
0.4,0.6,5.35,0.354,43.36448598,232,0.279,2,96.01,96.1198
0.45,0.55,5.35,0.354,43.36448598,232,0.279,2,107.3425,107.4996
0.5,0.5,5.35,0.354,43.36448598,232,0.279,2,118.675,118.6518
0.55,0.45,5.35,0.354,43.36448598,232,0.279,2,130.0075,130.146
0.6,0.4,5.35,0.354,43.36448598,232,0.279,2,141.34,141.4566
0.65,0.35,5.35,0.354,43.36448598,232,0.279,2,152.6725,152.7456
0.7,0.3,5.35,0.354,43.36448598,232,0.279,2,164.005,164.2184
0.05,0.95,5.35,0.354,43.36448598,232,0.279,3,16.6825,16.0559
0.1,0.9,5.35,0.354,43.36448598,232,0.279,3,28.015,28.095
0.15,0.85,5.35,0.354,43.36448598,232,0.279,3,39.3475,39.4129
0.2,0.8,5.35,0.354,43.36448598,232,0.279,3,50.68,50.8257
0.25,0.75,5.35,0.354,43.36448598,232,0.279,3,62.0125,61.9607
0.3,0.7,5.35,0.354,43.36448598,232,0.279,3,73.345,73.32
0.35,0.65,5.35,0.354,43.36448598,232,0.279,3,84.6775,84.4253
0.4,0.6,5.35,0.354,43.36448598,232,0.279,3,96.01,95.9699
0.45,0.55,5.35,0.354,43.36448598,232,0.279,3,107.3425,107.4898
0.5,0.5,5.35,0.354,43.36448598,232,0.279,3,118.675,118.7023
0.55,0.45,5.35,0.354,43.36448598,232,0.279,3,130.0075,130.2001
0.6,0.4,5.35,0.354,43.36448598,232,0.279,3,141.34,141.3183
0.65,0.35,5.35,0.354,43.36448598,232,0.279,3,152.6725,152.7491
0.7,0.3,5.35,0.354,43.36448598,232,0.279,3,164.005,163.9481
